acc,source,target,blockHeight,CommitTime
e2c6aa7eb4252c8e235fefa8c8c1a71faf1b9c90,S0,1,22,46099
0335ae533c189072ce21afa65c4e2d8e0279aae6,S0,1,22,46099
f7e66d2622220807d8696064e94ca24b1dc6e7da,S0,1,22,46099
c1d06a0a930ac1e2c7304fe6c816b2b7b8adfe02,S0,1,22,46099
14bd0f7a9c94ba3f9e72d2bf618c802addd7d13c,S0,1,22,46099
d713bac452f5935f14ef016821b3c6cb8ff9d516,S0,1,22,46099
d0171097f2801cd8995d441e3e3e3168c1cc8d00,S0,1,22,46099
4d1fa64d7e5cd1c5945708ee76b17474ea32bea4,S0,1,22,46099
fcf22d992664c20e4e5730b60afc50b56f6780a6,S0,1,22,46099
a4d21c56dccd37323285c93f18fdbdc2d662ac20,S0,1,22,46099
febbfde0f6a075629b6b6c927f72138a88cf4514,S0,1,22,46099
be9b040f1540f08ddd370303117c5fdfad832fae,S0,1,22,46099
ee4439beb5c71513b080bbf9393441697a29f478,S0,1,22,46099
52c819bf34c4fe3f7fff01753349ca6214136b3e,S0,1,22,46099
de77f4045cef3072fe7a22f40dbce018167b4358,S0,1,22,46099
d794ee2e89a8038a9c1cfab02e178c502f9bf4ee,S0,1,22,46099
9a6713c35bd0cbb7f17eefed74de0d9dd67bb082,S0,1,22,46099
8603384361372d500bb025c7f6e6571c53276b3e,S0,1,22,46099
f5dda50a5465a225129005a076f7bc135fbc9176,S0,1,22,46099
8c1ed67a66e586fd69ed3e0b4a24982bd75c1e54,S0,1,22,46099
9b9092455eb5a2711ee8a35a027ce992c96577f8,S0,1,22,46099
19aee1c168414e8c81c4349fa08fe8978de8814a,S0,1,22,46099
441ea39647b6db6c3ce2daf8d7373642d696cede,S0,1,22,46099
75d7dc789ca42b53e994e1e088b5b6b7cbebb99e,S0,1,22,46099
2dfa6c0e7a0c06592beadeedb71dc959e98fde6c,S0,1,22,46099
4c9ba33dcbb5876e1a83d60114f42c949da4ee22,S0,1,22,46099
6186653a298048069ab17aed0bc3b341419784c4,S0,1,22,46099
7df9b9687e55e9f0afb21de5511d70e9ec7c736c,S0,1,22,46099
b4c993d0d65986753be8b8f284f62cdd3c670532,S0,1,22,46099
460aa7ff0ca9aac5c07b0d3b6c65fa72a45135b2,S0,1,22,46099
0bd20c162798c46429052560be433e1742a7bea2,S0,1,22,46099
fc40846267bb8753c52e38b542a437b3e3573640,S0,1,22,46099
815ba53126644a3d95f395049decdc975891d77c,S0,1,22,46099
4940913f4da34ec39afd033d825775ffeca6012a,S0,1,22,46099
b941d3b9a0f9961d6cac8b89ba9a44ed39202a38,S0,1,22,46099
f3a4bf02d01cd08cf39812c595b7f7bf75d037f2,S0,1,22,46099
95927abbf2bf87053858cd95aa4d1f5ae53ba5b4,S0,1,22,46099
68e26f4b33ec30976a67ba7ac75f81ef3e70cffe,S0,1,22,46099
ed3fe86896534c24d9f91232fae34b78dff3c1f4,S0,1,22,46099
997c5c959c37d476cffce0518438a4d39418e524,S0,1,22,46099
16b4a4bfd27e0f299cc83482c71cfdb2a510a438,S0,1,22,46099
4db6872944714da21d61790feb5c65aa525ba232,S0,1,22,46099
ae01d26127f239b613ccecd6e0c1797316d6d1c6,S0,1,22,46099
1a0648dfb744633de64e82c467c24663781b8272,S0,1,22,46099
0b87b9a9c2e674df6b34a7421772af532b83d72e,S0,1,22,46099
c08c01735464629614605a488866eec589bc9836,S0,1,22,46099
58b4a53dee2b88f2babba9ea4be005995d87a686,S0,1,22,46099
654516d1883f76e671bdb68f39542841355ad6d0,S0,1,22,46099
3e902e0d64190d225b2dd37c94076be4c1466a60,S0,1,22,46099
8164fc3c6d527949c5f5083698f6dfc8acc0b418,S0,1,22,46099
5105e1e51f4f4ce13f581f8871271df57afe0322,S0,1,22,46099
e92fd01779fa20f4b73fe99bb961641aa8bee934,S0,1,22,46099
4db13ad0a29e920e8448208a8463e1820a7d41b0,S0,1,22,46099
4f214044052cd7d56f6a7d290934c44271ddc3ce,S0,1,22,46099
345dbde999af271a4a415dcbf095d5ac125704de,S0,1,22,46099
67341fd6f3017779ad4b0483c961971bb8b67b5a,S0,1,22,46099
f0c5e3afaa3751a7d9adb33ac540934453d2864c,S0,1,22,46099
c7c7170706e03f3da1b604a3c0ce2690bce1dbd6,S0,1,22,46099
3f6f027d80181cd1525f139b2e2cf40c00e0d152,S0,1,22,46099
911fb861dde24db05a3555c6d7828385d18260b4,S0,1,22,46099
3229443d976cb22da1796f87452704876b8fc506,S0,1,22,46099
5aa2e5b50316498859d895d310b2822a5b0adc36,S0,1,22,46099
bc6b16df1c5d21ed7b46813cf03f133eaeb890b6,S0,1,22,46099
aea824caeea901205cb36c854b8ef44c77e4e470,S0,1,22,46099
f8732aa8b0a38c3172f2ddbcdcbe091e7a739456,S0,1,22,46099
5ed71f23ca9bb4f867aee9790f4f572ec92b72ac,S0,1,22,46099
1b5ba7b4a81d1183656d07d3e100cd52154befd6,S0,1,22,46099
0ac96b3484a1077d112362db639648b2f906fe38,S0,1,22,46099
5da059a2864fc2c642c27257f56ca56735e72b66,S0,1,22,46099
35ac3672acb27921c60f5f7af2ab2d90fb58aea6,S0,1,22,46099
7e427425767d8a2aee508d01edb5c8ded787519c,S0,1,22,46099
51b553a31cf3027f9f5a212027ac1717b21782b6,S0,1,22,46099
288d1feac89457dcf75ec8b2c84a70102fed37ec,S0,1,22,46099
50eb11f45e37fccc61aac276ec3c7fb03a95aa40,S0,1,22,46099
f341cafc9ba3d91ef98c9ef811170c1c5f1ef28e,S0,1,22,46099
96904d8c1f1c88dfb6cfba916396bf4beabcf454,S0,1,22,46099
f75b55198418210a2016f950ce4ed87e63305db6,S0,1,22,46099
18d187360cefc4fe3c7957508522048afe4b39ba,S0,1,22,46099
990eb878dfff8b7e99aab256f7d4b970326a9fba,S0,1,22,46099
3185b97d4d53458cdd7b6fd38ae9ff81e33bbdcc,S0,1,22,46099
46b7ad437d2f7d6c7e46c78b03700f4342704276,S0,1,22,46099
f1063e2fafb2f81a5d6cb91edc66755029298efc,S0,1,22,46099
30ceee3f213c47ea1bd9f779193f02f05f52cd96,S0,1,22,46099
9e7a05edfb1dd927d2356c38d1ce9225034bf618,S0,1,22,46099
3aaa5c1b5d3455ee974c926fef2ec976f3c88cf8,S0,1,22,46099
790678392836cba4c105b5cca832c78af47398a0,S0,1,22,46099
c556950e9f851967911623d25aa70b493c3b078e,S0,1,22,46099
5959503ebc088b7b93071966ce68e7f3718d1e78,S0,1,22,46099
e705b1e3b1ceb7ee3ed7e79ad427daa8305df98a,S0,1,22,46099
29d9dfca1894f649279a33d7a7e10afe910b7bfc,S0,1,22,46099
6863e520cb0bd8c4918ef205b43828db5d6edb2a,S0,1,22,46099
353431a447a2784a04a0375a4acaa0cf18ce9600,S0,1,22,46099
9202e31d83b751b52a5a9dbda9d4ee8b790dfac4,S0,1,22,46099
d427b083eafae56c8c92982b49c44033ae998fee,S0,1,22,46099
c8b9d39b06474f0e26fe466f8281a8f312f36858,S0,1,22,46099
1c45b20a141f66ec32087819eb56772238b90e64,S0,1,22,46099
8810453fc2945d70f959610adef0361c736dd712,S0,1,22,46099
4f921607220076d5f139f061ef8e2c2b5e051928,S0,1,22,46099
543d14d3870967fb486b0fb7ec5c7a424f3667ac,S0,1,22,46099
367ec81a8702fafd1d891274b165f04c3b65310c,S0,1,22,46099
f00955cedd33a99b4a993aabeb4239e268aad294,S0,1,22,46099
5d140e67e87dfb1efaf0363e325587a4b0d7ae72,S0,1,22,46099
9c36e07e65e3bc6ff0d5f9b1baa9b86916af813a,S0,1,22,46099
be52c9fb2c4f66ba17b38206062ed373305113f6,S0,1,22,46099
ca5cd9ce38912c77791b26ee121bc1a254c58054,S0,1,22,46099
8163260bee568950866eb1df931eb1726ca300aa,S0,1,22,46099
6292bda9278e3372acf3114fd8a4de9271625578,S0,1,22,46099
8030b0ff155d8782ab064af04c24b1c0011d0214,S0,1,22,46099
2be657bb44f693fe543b26242edf5a58fbf85266,S0,1,22,46099
892e39f9a7d7a9144bbd9ad25631b1f381924058,S0,1,22,46099
d1fad65d20942f7ece93964365310ec7ae0ffa46,S0,1,22,46099
a9d9a228b0685e21c8bf92201d79151967bf5368,S0,1,22,46099
5c3eee5e7323fa0fba99d659a6dfa971daf65fa8,S0,1,22,46099
754ec440f03270c8f1fb895cc12918c9eb442622,S0,1,22,46099
894cc8fc2c1d4837516ef981309b2fed3a7ddd96,S0,1,22,46099
221dac9f3c35581b79c28259f957288190e37550,S0,1,22,46099
73c6b218e050220285034ffc1409d3ffbc3f7036,S0,1,22,46099
7bf6697254ec9be77f726f695f84f99334ced898,S0,1,22,46099
5a698fa3f55962225cd42eb7be1eca74d666d1b6,S0,1,22,46099
d97a1aa07a9ef015f051dddc705210a9c03216b4,S0,1,22,46099
5fdf779efd23fb86df422b359abdaf2b8755004a,S0,1,22,46099
7d8c2bebc405f53245c0fe8f042b2a3fc5b0e006,S0,1,22,46099
da42958d72287f6e020e20c406748f9eb889c954,S0,1,22,46099
4a13104b59ef5d220b41779ca5baabfaf5766182,S0,1,22,46099
b58d68283583b635d8bc137f37dd917cfacfd3c2,S0,1,22,46099
8aa50dfc95ab047128ccdc6af4ba2ddba8d0a874,S0,1,22,46099
3c5a54ba5aa02b582e8cb32cb79863ce118f6988,S0,1,22,46099
762ce591efdfe0012accf564cc5328a3a93a6f58,S0,1,22,46099
006a3f56690e4e59e5195a5946e2170afe32c978,S0,1,22,46099
eb70fd8432e96c8cd0dacd159d71184dcc07d6dc,S0,1,22,46099
11683e128538b884859b1d503785cd82ede1a2cc,S0,1,22,46099
3e3bf5eac21da1987b251699c95dec8d4f15468c,S0,1,22,46099
ca5e73a06a055b39ea4e431bb55ec5cfe25a1e4e,S0,1,22,46099
14ac52de4daae2a54a9e951168b3dd865f2795b4,S0,1,22,46099
15c5b63ed6ff016aa62fc447235fab661f6f12fa,S0,1,22,46099
6f744570f2e3e6e4f6a09b3930caa250ec197af8,S0,1,22,46099
8a922e80aa263807a2c3bd3406feecf2451d8144,S0,1,22,46099
9a478d79b40df05441f6c2ba3a3f22c9b5363dd6,S0,1,22,46099
e8c06ab62cc03eb53e762799ce5e9e82b9869dbe,S0,1,22,46099
0f81806ac11ef6aac317932858703720c8ceb040,S0,1,22,46099
5cbacc7e9a555cbdd0d18e746f4677f86ee410d6,S0,1,22,46099
44c3682b1b440a331369b8495cb6f5e4c713fdf4,S0,1,22,46099
3a1f152c94b800ca38e586cbfac5dd0544e077aa,S0,1,22,46099
bd5d200b0779c5f9d4ba39c1fe54343cf1da34b0,S0,1,22,46099
5154e5817d88b3a66058a3e435d3469d7a7782dc,S0,1,22,46099
85cb20bad04caeace777ae9fcdd20558f58a4b6c,S0,1,22,46099
45cef97107f1c0b7819a7f80c8c02000f5de3632,S0,1,22,46099
e97f6cdea521995f508c62c70b8b6d4f9bc4e282,S0,1,22,46099
f31250064ed8f76815d13f17a1ca7fa88b316444,S0,1,22,46099
25fe79054ed1a3588eb65ca7f7105d7f3e26e8ca,S0,1,22,46099
e2000f07a58c7b676c529de895d71eefa9808aec,S0,1,22,46099
88f252f674ac755feff877abf957d4aa05adce86,S0,1,22,46099
8ed7fee3ca7240d95e4070051bfd9c93d5e0d102,S0,1,22,46099
d1383017548ac89bfd56a231395fae5a8364308e,S0,1,22,46099
e44ca65cb1a56b03ee24bdb57e4b13eb050d1524,S0,1,22,46099
331f19fc5c9b4b63e121fade8d1bfbac7868a722,S0,1,22,46099
43b060d417ab53d85fcbd031909cc448bed2889a,S0,1,22,46099
d2ef470cf61b3f3b106711645441c6056d26f7b0,S0,1,22,46099
651fb938bc292292efb1fcd782edb80eeb815aac,S0,1,22,46099
e3da3afd590bb9e6ca9a54bf3fb3f462872b262e,S0,1,22,46099
b70c343eedafd7dfb94139e38be4b9abb01ce55c,S0,1,22,46099
607d19df84014365c2e0a5d13b525253a6fd4782,S0,1,22,46099
6c6bae62f33bf53d1197ed9755003129d7d65a9a,S0,1,22,46099
be7e78c7bc020522d135dd516346d80031c3efb6,S0,1,22,46099
bc30224eab6635d3f29b6159630a15394e309bda,S0,1,22,46099
e5dc984adb75295f4c7e4a4c2e5177b426b082f0,S0,1,22,46099
45bd58b44922f43448071595fbbe334465edad4c,S0,1,22,46099
fcf713afff16e7a5114677c3fb6e8df17355702c,S0,1,22,46099
7a896d73ae14cbad43383d042b00bf72873ba360,S0,1,22,46099
2f3ce15b72a05e78fb53c7b17aed1d6844b7529e,S0,1,22,46099
cb1e4d142962879a24fd2d5ac8a26c12d19a2e7c,S0,1,22,46099
9314fc173c610143f78af926e32ae6e4c9acb1dc,S0,1,22,46099
2a5ee9b4307a0030982ed00ca7e904a20fc53a12,S0,1,22,46099
0ea24364cdf84783a05a623e9a5b7fe15c8f8c76,S0,1,22,46099
4511ca1c6cf5c2fbe6cecce603066039357c626c,S0,1,22,46099
bec6ab72149d1f968042c61c3540232674e2b688,S0,1,22,46099
010ca13fb28caa13a4f198f1126ac83412df3e70,S0,1,22,46099
e2bd22c7bb61f6330ea9434313cfb8fc328529c2,S0,1,22,46099
7b14ce15addc38e65bae8d547c3e7a566ba1cfea,S0,1,22,46099
0eb15f5beff8a913c30e0a87d83ad24d18813660,S0,1,22,46099
27b951ec8417226f84e7886b8413ab62e2ec97cc,S0,1,22,46099
eca853e3ae2b220ade651bca38542b45e13f5298,S0,1,22,46099
822f6b857caa7645d28bc6681c5b1798393c2cb2,S0,1,22,46099
5a91bea7a88590685da4cadb78e192171c447a2e,S0,1,22,46099
a9988d62b775b3ffe69fccb9d01d6c9ab3dd0efc,S0,1,22,46099
fc23574ee389e4237fb49d6302a9efd3e2d5c314,S0,1,22,46099
f0f904cf1a651687b4bea696354662d5f4d37558,S0,1,22,46099
65e7e9a6837e34f279f639df370e456001f87c26,S0,1,22,46099
4bc03e86c87ca481df2fb28452d6c93cb504e7b8,S0,1,22,46099
99b03a776f2a7c5f3b817390d4cc5c9d4c0ec55a,S0,1,22,46099
c5127205423d3f6d29f75cf1fbbc1462dfbddece,S0,1,22,46099
4a7321e7461452ca6eeb5916768161b73685225a,S0,1,22,46099
f3b0cef7eb55075829127126b21afa042bfe52ca,S0,1,22,46099
6762b283b36f3a48c16f2bbf0af6529d83dafee8,S0,1,22,46099
865c45acf767c50828f4b41cb3179c1e838c177e,S0,1,22,46099
ba9198cfd815d832b79f7cae61998e21c65e86ec,S0,1,22,46099
4680f75a49f5634029cdca4231f4808ca8a1903a,S0,1,22,46099
1b7c864fc617c46a128b2f043cc9f701615a0648,S0,1,22,46099
c43a951ea65a7ff284ebbe1ab4df9ef2f01cc1ca,S0,1,22,46099
92a7dc3108ef55ab0de43cfd988dd79b2a4870a8,S0,1,22,46099
bd536a518a80d350ba486ecd96a80305ee6eaf22,S0,1,22,46099
601b417b7ed033bcc2c41f664d26dc16baff04c4,S0,1,22,46099
c1a16c6a9b8b5a78a05115e63d5ebfe2132cf460,S0,1,22,46099
f80f5b793c2e4a2af7909c704c53e7cbdc0505ea,S0,1,22,46099
4563cce1569de99c42eadd7d980687420faa8b1a,S0,1,22,46099
a519e86e64521cc0b07ae6e48c76e08d3fc4db86,S0,1,22,46099
6121d6643e46d05fdf94127b688eb8e845b76dda,S0,1,22,46099
90e20fe5471d96e73ace43e45717f00585f6d618,S0,1,22,46099
53b109852d2883a67559768e33481e3f40eb761c,S0,1,22,46099
99d93981bd9c34d4c56d564fa9ea5cd7b2f6779a,S0,1,22,46099
508705b3dd08c28b3f102b3f1360da997fb4da60,S0,1,22,46099
e1aff252a67891718782decb782e1b1450ccf99c,S0,1,22,46099
e84cb28ace3ceb9bd20690967c67eed15eacb502,S0,1,22,46099
1ec2b20ce8c40b31d11bbb02292a57931dbbc01e,S0,1,22,46099
39c7b06a67c76e2280e5c6ce5b2d880b27648c3c,S0,1,22,46099
4796edb13cd172b0412a681769c3e0f443426a38,S0,1,22,46099
2a9a22b648edbff44ee35ce0314a6453932ae584,S0,1,22,46099
95ddf9f68f767251d8c0ce20501a397dcb3cfd38,S0,1,22,46099
65989f86b60429d5835ca6abbd0fedcaeb02985e,S0,1,22,46099
fbcd8ab16fb29c3ad19e7181b9e711d124daba38,S0,1,22,46099
950a178651234ee9a787408b84058b506b4c3dce,S0,1,22,46099
c0f9b32deeb22f08b900eef595f46f3b48a920d0,S0,1,22,46099
bfa46e0f7cb53da14fe661efb49a277785b611e0,S0,1,22,46099
7035134d51a949a4dd99fa4da9b00f8a9f6fa1da,S0,1,22,46099
2a826ecc8d5b3f33d92159d90d709c874c5b368e,S0,1,22,46099
4a13bf64e3243bdc6a156a72cf794222fa687872,S0,1,22,46099
64f1b74bf150a4a96b6ca208e8043723fa360d68,S0,1,22,46099
48659d8f8c9a2fd44f68daa55d23a608fbe500dc,S0,1,22,46099
ad55c057c53475f0c81adfbf04a0f382bde37d10,S0,1,22,46099
19b50a3711e6228e5d682298f196298642496e8c,S0,1,22,46099
f367a20cdd20610bce2be5e3488763b3973bb884,S0,1,22,46099
e8ce0a18ef0d53513d834cc9d83c4a777fba195e,S0,1,22,46099
1db34a431b450f89dfbbcb31ce1f0f266245a658,S0,1,22,46099
3e5ef9b038912b5f37f02086f8199e32cda7410e,S0,1,22,46099
7fcfaea2dd464be1cf7b5097a671e300da11e962,S0,1,22,46099
51457c4fc4b9a4301e90fb02a6b2243ffa5de024,S0,1,22,46099
70d37408c284178565c8091356684cb87d55f2f4,S0,1,22,46099
83024e4aee8f20eb26bd13f190e5130498a5111e,S0,1,22,46099
f0b5dff1bc341b921f26ac37efb5c87b35f9ea62,S0,1,22,46099
24ca4aed37aad4658d2d1ad518311a0541cd254e,S0,1,22,46099
30a1212f13f04dd1fd2153aa3f8d5f59ab2d6d3e,S0,1,22,46099
3887c47b290f0fb2790a2ef7e91280218a097e36,S0,1,22,46099
a824b12c44883a2f552f1bf1fdbe7aa6b5243430,S0,1,22,46099
1492207f1d98f585dacdddadf283887a0d84f58e,S0,1,22,46099
b562601c82491ae977c6fefc7acfb1429f4273ac,S0,1,22,46099
b71a6380969b3e03e766e0c7eb2804a4a269590c,S0,1,22,46099
c4d0b45f01214503d0f258f7ead61ee31980451e,S0,1,22,46099
ce0f9b7aba64ec25cf4d92e284e2e916c643350c,S0,1,22,46099
4ec9ba0736157c7e809f05126e4c9988136b241a,S0,1,22,46099
1575475e36ea1eee154762a74107c1593a19d45e,S0,1,22,46099
9db2cbc1ddcf5237942127cd9a1cbc82e9224ec6,S0,1,22,46099
1303c2bf1fd7de01da9dcee5b4c6131fba4d51aa,S0,1,22,46099
c3bece476bef1abb4a5494a26be5d1fdd57f4c16,S0,1,22,46099
92fad36b260d2e88ad090bd606d704ea119be1fc,S0,1,22,46099
baf7ee403a83919a72e4b600caf9878e566e5a0c,S0,1,22,46099
e51900ec6e783eb6389fe82dca45a748b7b8b756,S0,1,22,46099
a1f608cbf559484df2f65775097e219a3e9367ce,S0,1,22,46099
221bfe6824b422fa2fd40638bfda3bd97719039e,S0,1,22,46099
20a26ddc0cc139f3f15b0e65f51a3e13c54cfb26,S0,1,22,46099
46ac50498661306eabe29c1ed9a28d0c451eabfc,S0,1,22,46099
467fd4a19beae26b47f141ef4d97680253d200d2,S0,1,22,46099
524df34fbe5189a5f6c5a72c00de081f8777e40a,S0,1,22,46099
0ed4e2501692f380fa1468ceac640a14b6b58e50,S0,1,22,46099
32d27343bb5d926f81daf5c13e7518e09a2ab8ac,S0,1,22,46099
33cca2f587dad9bebedeceeb731b443e472a8d80,S0,1,22,46099
f54e2d2bcdcce62f236e8797b4b1fd5f856d9592,S0,1,22,46099
9995d881d647e1792653622b51587a3e40377dca,S0,1,22,46099
507c61c61ca497dc8ccc2d7b75bf6c21ad3552d6,S0,1,22,46099
8b3ed9755655652a5f07422be73b0a3e9e6e4c2c,S0,1,22,46099
40c1177c74b0b2bbe4461921960ad23a1300596c,S0,1,22,46099
5661f2cdc105bec7fcbe2db39a60695078b3033a,S0,1,22,46099
32255890ec19d843c8d11e74bda2a6511cb9dd4a,S0,1,22,46099
625be6608a3263ced2a909a43fd60b7926009fa0,S0,1,22,46099
007a5f8277749ea24d24e1ab3b1f08fd4384f1a8,S0,1,22,46099
c3c494a34ebc2f2be4863f41498ef66147fc3db2,S0,1,22,46099
46dedfd44bddca10c3c218c5d77c5b6876fc8e34,S0,1,22,46099
d270d903e427fc7eaa255f0132d391082c301c7c,S0,1,22,46099
243facaae80226652ba0768e1a24f4811624d656,S0,1,22,46099
a84be6b23139a515d3c7f92f09aa0e75ae3955cc,S0,1,22,46099
a6f980e7af10c6ba99d64437a59a515d8bb8aa6c,S0,1,22,46099
6350a6c88b7bb0c6ce516be7eae1bb599450ffc4,S0,1,22,46099
d2cca532f3ab2c48593f724c5578a9fe79416690,S0,1,22,46099
927ad3bb534471874b3f7e274c43c5f5c709e768,S0,1,22,46099
7c1adb3448a667cf8428a50dc739763842de99c6,S0,1,22,46099
be2b94acf407d3a795fafc3590644815a851f402,S0,1,22,46099
3ff679b0823a026f2378e5f5f22a6f127cc85828,S0,1,22,46099
b14a6c012004f02d503930eb1547a730af9775ca,S0,1,22,46099
5447e7e39cad435812d425dcc897fdcbbbd97224,S0,1,22,46099
ab6e630f5d7b9d0518748ec7c3ad69c5d323f8a0,S0,1,22,46099
d40668588068efc2295563a80d169b2c78c64ac4,S0,1,22,46099
3175a28cf6105466923f11bffabd279f162aa2f8,S0,1,22,46099
7bda3679c8587d511053be08c0692fb647a5aaa8,S0,1,22,46099
977455f65e1628f48a060c3b8316c39889540396,S0,1,22,46099
8eedbbb55d73288b26caccef0a2a7df31d6127b0,S0,1,22,46099
8877e6df1c93bd7217fffb7b3c1a43d6f85394e2,S0,1,22,46099
5c333449a242ce6676102eac16e8b2ec2869a860,S0,1,22,46099
70f70ff5e3991f64b4cd84618535b342978c3050,S0,1,22,46099
3e5bbe1863c7beb0b75af779a621add5374da850,S0,1,22,46099
f3ae9c197e0500330d172ccc4671999af87247aa,S0,1,22,46099
2263dc0290e15a447ff1ab603b0012d9a61b3d74,S0,1,22,46099
bb9733a719b55927dc093cc68a8706a8f38f6c16,S0,1,23,48097
a54367910efeba7b03b0aecd8ffa62181b612038,S0,1,23,48097
aaaf08ab36f2e1615ef4aa3a976d7d3e1fbcd78a,S0,1,23,48097
0b5cef54959a839caf77fe1b15bb2168e232045e,S0,1,23,48097
fe9e5c50adc5123f92f48cd188f29edbd8b2b962,S0,1,23,48097
467807f00882d76c90e8f9349938b58a580fa50a,S0,1,23,48097
7b866e87e476aed5b664cb07e335057b1ad0914a,S0,1,23,48097
bdee44ad00e84560197ccada9d0b45d037684b4a,S0,1,23,48097
b9df886322855e4740bf8dbb9a825a112bb5e382,S0,1,23,48097
ce16828633289c3b02a5bf93c858d5d021f36912,S0,1,23,48097
8417b507e6f8745041de81d803d63024a0d1719e,S0,1,23,48097
ce606d917487b7f1da08542cdb3d742915830a94,S0,1,23,48097
c3edbcb793e2abbf80a3a145c7870e4751b3dc2a,S0,1,23,48097
5c17f62620495ee72ddd7413760eb8dbb6b3b0f6,S0,1,23,48097
bb6315ac5671a41b39d90a7194971b1b328feb62,S0,1,23,48097
dd1034ca9a62a324c733ba67a01bdd239e270e7c,S0,1,23,48097
78f9490aadc867cb30ce8efce82dde0bbb33f46e,S0,1,23,48097
1501b95912c025461d92caf5437219a893eb12ae,S0,1,23,48097
05f9330de6633dc355edfe3a135c59eed31d6796,S0,1,23,48097
650d2263782724e75960c5222436bae0516ea306,S0,1,23,48097
0eebfa08aa72f83f07272a29f106558b11460036,S0,1,23,48097
70a03a74a371c8f36eef32cb1454e4659e9048de,S0,1,23,48097
939c228ddee592d40046784e58e142c07234d1ec,S0,1,23,48097
039e1d68820cb0aad6f9f40581151477afe70c64,S0,1,23,48097
34137041bba6ca783953808bf0aee345765fe174,S0,1,23,48097
55370311347f1ae962a52b23713041cd270fba14,S0,1,23,48097
d379ab8edbdd35b683a241dfdfef37aeaf02c418,S0,1,23,48097
83f5fb0c21a4e075281bb707e12e45c174126af6,S0,1,23,48097
cf12fc7889a630d91a19af05dfd936c20c5f9c88,S0,1,23,48097
5e2f6dc1268e000ad3b020f2b74b081437c56248,S0,1,23,48097
fd3bc84894ca3324ca4c187d970228e60ddfbee0,S0,1,23,48097
5a8faf30a107f916c9adddfa0d285083355c9c92,S0,1,23,48097
98198d936823cc6fac8aa700d7277a1aed729472,S0,1,23,48097
b4121443cfa3011e6fa5c38c8868ffe841ba0fa0,S0,1,23,48097
d67ffe1e7088efa5e55cfad5e8114062012eeee6,S0,1,23,48097
9c502e2b3f6eac889ea1e9d610dcfc50a5d05956,S0,1,23,48097
12d875abe3b8b28ee5003aa4c5868d4116edbec0,S0,1,23,48097
e15afb876e40bbd53d46aa2cbda79197fe96e610,S0,1,23,48097
caf8925d8e825ebe0cb3fc34a2be2c8c737c1ecc,S0,1,23,48097
fa54806d0c043e56d6285f48de59cb83e7f00af8,S0,1,23,48097
0f0d4fbab6b72652da91de84bdfbf742e3f72ab8,S0,1,23,48097
484e7d8f38426e9870ee472a3552a5b025239a24,S0,1,23,48097
a916363aea1a65915267b50a502f388a63df189a,S0,1,23,48097
b76be071c691cbaee2dae4b31fdddb506d0b9298,S0,1,23,48097
1783d5056c402e7b852cac8a7d6be5302dddd376,S0,1,23,48097
3152ca1269f19e54ace5dd3bb75ee5a82b3a9706,S0,1,23,48097
ae7c27ba0f42ce2d9579bd06208bf558c2457c98,S0,1,23,48097
fac787e9f6f22af786a24a1bd2195df411d78070,S0,1,23,48097
1f48a8cb92942a8205de956b06df530bef1ecc30,S0,1,23,48097
0364fea61f52e3323dad984ed20a007bc0e735b4,S0,1,23,48097
8559cea3e53a443c6c0d283283bdda455b177970,S0,1,23,48097
49caf42aa979599f49d97a4c29ae9c7dc9497b8a,S0,1,23,48097
a11c50d706d6a6161e83cf499b5083626b66003e,S0,1,23,48097
e6b139319d985e7d6476439eacf73bfef6fdf6c6,S0,1,23,48097
456dabb616aaf1bed6be10cb728e9abc99279e22,S0,1,23,48097
a0644d1034015e52057647a2b4a3843c124be030,S0,1,23,48097
e1fa1aa82b282f10bf8e981fac4973ac6afae390,S0,1,23,48097
0aea23092925209a8a6a0339e27186841afbfa6c,S0,1,23,48097
6eb030d9f695825954a4639b4a018addab37db08,S0,1,23,48097
11814c6dc09d75c11ca0014bbf54e6df0a225ed0,S0,1,23,48097
5cdefeaa106bf45d2fb7f1fc1208a2f497eb36ae,S0,1,23,48097
67175f8a699d41e7912cc765dadd344452fc5410,S0,1,23,48097
d3d0bd0dd9bc578a41441ae7188c8e8b0eb2f1fe,S0,1,23,48097
2aaf70c0a0b37418ef9fa81ca1c069f7bdf1c0fa,S0,1,23,48097
d06992416ad7a08d3b05deb1d2bec5eb69e2ab98,S0,1,23,48097
a6d2f26a9c9114b03b0abeaa48150b6ab8d4653e,S0,1,23,48097
63560488f26b63e2814afad498ddbcc0894d4740,S0,1,23,48097
208312414ad16feb261b0f093f780958f60ce1c8,S0,1,23,48097
058473874b6c41df654aea62e34a7bb72b39ac04,S0,1,23,48097
67064faf48f8db4f6d46b2db6222297bb329e39c,S0,1,23,48097
6b1e59f1b0aa1f72e7ffa0a7136917718b54d5aa,S0,1,23,48097
ff990e85847af79c85c4ff5dc6a46d6f9c832174,S0,1,23,48097
031dfef4b127761e40e53970ef6d9828433ce1be,S0,1,23,48097
45838441b10f9e19c8071b80dd21340cc8b0b74e,S0,1,23,48097
e22837da5e87a2fc188958bfc3394aef939925f2,S0,1,23,48097
4ae99e42477ca790af340dc1b6ed61572bbd5dd0,S0,1,23,48097
69a6be16fae119879af815da2c611f005d7b2564,S0,1,23,48097
7b357286d370fe535960092a1c0c8d69a1af12ea,S0,1,23,48097
7f71740ce4eb6d8f1761f360b51189417f477efe,S0,1,23,48097
d3956add7278418b40e1c92828ad711cb191817e,S0,1,23,48097
1e88439613bbb704ad44b8d6c0f2c8dbfe84e348,S0,1,23,48097
e06154b5bce37224306354da26d970805d912d0a,S0,1,23,48097
6e87242eb92411c01443b98d77d999fee74eff34,S0,1,23,48097
cb2aeb2cf2f2139f79f8e13d983855b7219e93d0,S0,1,23,48097
4411115e508f53b474f747b001857d55f04927b4,S0,1,23,48097
0f160a9bb8cb9defb831801bfabc631d634d17f2,S0,1,23,48097
6ab3fa07646047b942e606525ccdfd7515f3ad58,S0,1,23,48097
73b1fab9b5a9a65b6b9ef1d80c451910ca7bbc0c,S0,1,23,48097
de4a0bff0faf3a38a370a3f6e29aabc28df53608,S0,1,23,48097
fb444a41fd0095a5f7232666fcdea21ee607b3c2,S0,1,23,48097
d975a1902aa055f3710d9bfc361c499cf3aa2d7e,S0,1,23,48097
1b2768c4bc6d0e273a8bbbfd1c6612022f506126,S0,1,23,48097
d373b00fa0e94e9750c7d8ccfc7eb7841f9f674c,S0,1,23,48097
9d0c06b603b0965a044eeaf84060248ab4d9ec9a,S0,1,23,48097
f2571c61bc973b0c0c476bc7413810d4a9df72f4,S0,1,23,48097
1b8d2e4940a82430fd1e8f4dc2402fff18216ffa,S0,1,23,48097
57255bc68783e1b9067820ea2c4d029231a740a2,S0,1,23,48097
cb04014cb6c0de3e3b8cdbb41b96ba582afe46e6,S0,1,23,48097
c6cc96112c5f4e5dd7d52285789027fb3ccce2ee,S0,1,23,48097
3c9c8b3037de024102a9a505fcec8205f29b8b52,S0,1,23,48097
c5842b5befae8dc8301f96324ab2bad4a64b16aa,S0,1,23,48097
df5729179c49a6b9088833eea741fc1976809100,S0,1,23,48097
a7fd9849c42562941fa13a7e954ac81bd240399c,S0,1,23,48097
efacd08c0bad93563da64c278b6e4347703f06e6,S0,1,23,48097
a8960a5a26e8f9f8aba4336b81eac3d46cd46986,S0,1,23,48097
10c30ebaf9e5d76e53afe4aea9d00e5119a525f6,S0,1,23,48097
f2bb62694994b5347136df13e7a15745e5b26482,S0,1,23,48097
12238986f7a31c328d13e5182aaf7455a58cb5b4,S0,1,23,48097
1dac56b2c29ea19b9cebc07d4dca5c001afbf73c,S0,1,23,48097
e0f6da8baf12fafae0d65ee7eb67327977371ef4,S0,1,23,48097
c266672d803f3bc62e20499ddea9d9f4b909e5d2,S0,1,23,48097
4c103f90521ce52c5c1ccc1d998698b79c2dedee,S0,1,23,48097
92dfe3b4ce02ad76747dff627869b535e99e450c,S0,1,23,48097
a479762b4f7d6a600b6baf925e6f0ae9974b7d84,S0,1,23,48097
444fc3975333b46469cda2973e0f6de8eaf0802e,S0,1,23,48097
3b0bb691b9a5e9994aa03c694e9e797e98136526,S0,1,23,48097
5e1823269d9510d65822f8e0036db15706643760,S0,1,23,48097
9727ab16e86ff1f50470a4f6765d564e9bdc8a4e,S0,1,23,48097
d39d3d9f1f5428dc4a94bf8e9b3f16061874050e,S0,1,23,48097
1b112bb2ed671fb425f2f76f945a2a25521cca72,S0,1,23,48097
56039d6c96ba37484046c1e492b029019c67f866,S0,1,23,48097
565f3dd042e16edb2006295b5458807fb2c8fc60,S0,1,23,48097
efa8becf5a1f7817a01556559bd3fb2e1f6eadee,S0,1,23,48097
9dec2592d460bce29e1c9cca7cff11d65f520084,S0,1,23,48097
73d1a47daae9ff75ade424d1fa6bbd359799a6f2,S0,1,23,48097
386a10bde8e321872ff87f6401f10815a174007e,S0,1,23,48097
04fbe805591939e6967ece3db0fe200781c1a328,S0,1,23,48097
bb3eeab6b2e8840777cedf1aeec941e3bdbdf868,S0,1,23,48097
